task_id,task_type,machine_model,machine_age_years,operator_id,operator_skill,site_zone,target_volume_tons,weather,ambient_temp_c,ground_saturation_pct,visibility_level,slope_deg,truck_arrival_interval_min,queue_length,cycle_time_sec,payload_tons,engine_load_pct,idle_minutes,task_duration_minutes,fuel_litres,shift_status,data_origin
T-SYN-0001,GRADING,CAT-D8T,3.8,OP1003,EXPERT,HAUL_ROAD_EAST,364.0,CLEAR,31.7,12.6,EXCELLENT,10.9,5.0,0,32.1,20.0,78.7,2.8,13.2,5.1,COMPLETED,SYNTHETIC
T-SYN-0002,LOADING,CAT-349D,1.0,OP1007,EXPERT,HAUL_ROAD_EAST,1378.0,RAIN,16.1,37.6,MODERATE,4.3,16.1,4,28.8,26.8,95.0,33.8,61.3,24.5,COMPLETED,SYNTHETIC
T-SYN-0003,TRENCHING,CAT-349D,3.3,OP1020,INTERMEDIATE,BENCH_2_WEST,662.0,CLEAR,25.7,7.3,EXCELLENT,1.0,6.3,0,30.8,26.4,70.3,3.5,16.7,8.2,IN_PROGRESS,SYNTHETIC
T-SYN-0004,LOADING,CAT-349D,1.5,OP1020,NOVICE,ZONE_4_NORTH,1059.0,RAIN,18.0,33.9,MODERATE,2.0,4.1,0,31.5,27.7,86.6,6.9,31.3,17.3,COMPLETED,SYNTHETIC
T-SYN-0005,LOADING,CAT-349D,4.7,OP1020,INTERMEDIATE,STOCKPILE_1,1453.0,CLEAR,25.2,7.1,EXCELLENT,5.3,3.7,2,23.9,27.2,84.3,6.3,23.3,12.8,IN_PROGRESS,SYNTHETIC
T-SYN-0006,LOADING,CAT-349D,3.5,OP1008,EXPERT,BENCH_2_WEST,761.0,CLEAR,21.1,12.2,EXCELLENT,1.6,4.1,1,21.6,25.8,82.9,4.6,12.2,5.8,COMPLETED,SYNTHETIC
T-SYN-0007,TRENCHING,CAT-349D,1.2,OP1009,NOVICE,RAMP_3_SOUTH,867.0,MUD,16.2,40.3,POOR,3.9,5.3,2,45.7,25.4,84.3,6.0,56.7,30.2,IN_PROGRESS,SYNTHETIC
T-SYN-0008,TRENCHING,CAT-349D,4.8,OP1012,NOVICE,BENCH_3_UPPER,750.0,RAIN,18.3,30.0,MODERATE,0.6,3.8,2,43.4,28.4,78.6,4.5,36.6,19.8,IN_PROGRESS,SYNTHETIC
T-SYN-0009,EXCAVATION,CAT-349D,4.9,OP1008,NOVICE,RAMP_3_SOUTH,779.0,OVERCAST,18.8,15.9,GOOD,0.3,6.6,0,37.6,31.2,75.0,5.8,25.4,14.0,COMPLETED,SYNTHETIC
T-SYN-0010,TRENCHING,CAT-349D,2.5,OP1014,INTERMEDIATE,STOCKPILE_2,484.0,OVERCAST,16.2,18.3,GOOD,8.8,3.9,1,38.0,29.2,79.9,2.6,15.9,9.1,COMPLETED,SYNTHETIC
T-SYN-0011,OVERBURDEN,CAT-349D,2.2,OP1004,NOVICE,STOCKPILE_2,1553.0,CLEAR,30.0,13.1,EXCELLENT,2.7,5.6,2,29.3,26.8,78.0,5.9,33.5,20.0,IN_PROGRESS,SYNTHETIC
T-SYN-0012,OVERBURDEN,CAT-349D,7.2,OP1021,EXPERT,RAMP_3_SOUTH,1262.0,MUD,15.1,41.3,POOR,7.9,3.9,2,32.8,23.8,88.3,3.6,44.2,21.9,COMPLETED,SYNTHETIC
T-SYN-0013,GRADING,CAT-D8T,1.6,OP1009,NOVICE,HAUL_ROAD_EAST,786.0,MUD,13.2,41.2,POOR,1.6,4.1,2,46.0,18.2,80.2,6.7,71.7,26.9,COMPLETED,SYNTHETIC
T-SYN-0014,LOADING,CAT-349D,5.7,OP1011,INTERMEDIATE,BENCH_2_WEST,724.0,RAIN,18.3,34.3,MODERATE,1.3,5.1,2,30.2,27.0,93.7,3.5,19.3,11.0,IN_PROGRESS,SYNTHETIC
T-SYN-0015,OVERBURDEN,CAT-349D,0.7,OP1004,INTERMEDIATE,HAUL_ROAD_EAST,1196.0,CLEAR,21.7,9.2,EXCELLENT,7.1,6.7,1,26.1,26.6,84.5,6.5,23.5,13.0,IN_PROGRESS,SYNTHETIC
T-SYN-0016,GRADING,CAT-D8T,2.2,OP1019,INTERMEDIATE,HAUL_ROAD_EAST,513.0,MUD,15.6,43.3,POOR,1.8,7.0,0,42.3,15.7,76.7,7.7,49.3,16.1,IN_PROGRESS,SYNTHETIC
T-SYN-0017,EXCAVATION,CAT-349D,1.0,OP1009,INTERMEDIATE,BENCH_2_WEST,383.0,RAIN,15.9,26.0,MODERATE,10.8,4.1,1,36.5,25.5,86.0,2.2,15.1,8.1,COMPLETED,SYNTHETIC
T-SYN-0018,LOADING,CAT-349D,5.6,OP1020,INTERMEDIATE,STOCKPILE_1,781.0,OVERCAST,23.0,18.5,GOOD,0.3,4.5,1,24.8,24.6,82.0,6.0,16.8,8.5,COMPLETED,SYNTHETIC
T-SYN-0019,EXCAVATION,CAT-349D,7.4,OP1021,NOVICE,BENCH_3_UPPER,621.0,MUD,17.9,51.0,POOR,4.8,4.0,2,45.7,28.6,81.7,5.4,37.6,19.0,COMPLETED,SYNTHETIC
T-SYN-0020,LOADING,CAT-349D,2.5,OP1011,NOVICE,STOCKPILE_2,927.0,OVERCAST,17.9,13.7,GOOD,3.6,6.2,0,30.5,27.0,90.3,4.4,22.1,14.8,IN_PROGRESS,SYNTHETIC
T-SYN-0021,LOADING,CAT-349D,6.9,OP1005,EXPERT,BENCH_3_UPPER,802.0,OVERCAST,21.1,12.9,GOOD,4.6,6.9,2,23.9,27.4,91.1,2.0,11.3,6.8,COMPLETED,SYNTHETIC
T-SYN-0022,OVERBURDEN,CAT-349D,1.5,OP1005,MASTER,BENCH_3_UPPER,853.0,OVERCAST,22.3,18.0,GOOD,5.0,3.9,1,23.0,28.1,83.9,3.8,12.7,6.2,COMPLETED,SYNTHETIC
T-SYN-0023,LOADING,CAT-349D,6.2,OP1013,EXPERT,STOCKPILE_2,688.0,OVERCAST,23.4,11.2,GOOD,1.9,5.2,2,21.7,27.9,84.5,5.2,11.7,5.3,COMPLETED,SYNTHETIC
T-SYN-0024,TRENCHING,CAT-349D,3.2,OP1008,INTERMEDIATE,BENCH_2_WEST,838.0,CLEAR,31.2,9.4,EXCELLENT,2.1,7.2,1,34.1,26.0,74.8,6.3,27.1,13.9,COMPLETED,SYNTHETIC
T-SYN-0025,OVERBURDEN,CAT-349D,1.4,OP1022,EXPERT,HAUL_ROAD_EAST,1054.0,CLEAR,27.1,11.9,EXCELLENT,0.0,4.7,2,20.4,26.8,77.9,5.5,14.6,6.6,IN_PROGRESS,SYNTHETIC
T-SYN-0026,EXCAVATION,CAT-349D,8.0,OP1017,EXPERT,BENCH_2_WEST,625.0,RAIN,14.6,38.0,MODERATE,3.7,20.9,6,32.2,25.7,83.9,46.6,62.8,19.3,COMPLETED,SYNTHETIC
T-SYN-0027,OVERBURDEN,CAT-349D,5.4,OP1001,NOVICE,ZONE_4_NORTH,1449.0,CLEAR,27.3,13.0,EXCELLENT,1.2,19.8,6,29.9,28.0,81.2,44.9,70.6,28.1,COMPLETED,SYNTHETIC
T-SYN-0028,EXCAVATION,CAT-349D,1.4,OP1013,INTERMEDIATE,BENCH_3_UPPER,397.0,OVERCAST,22.8,11.6,GOOD,3.9,6.3,1,28.1,26.7,73.0,1.7,8.2,4.2,COMPLETED,SYNTHETIC
T-SYN-0029,OVERBURDEN,CAT-349D,5.8,OP1009,NOVICE,ZONE_4_NORTH,1236.0,CLEAR,31.8,9.6,EXCELLENT,3.1,4.1,0,29.1,23.3,81.0,6.7,31.7,19.0,COMPLETED,SYNTHETIC
T-SYN-0030,OVERBURDEN,CAT-349D,1.6,OP1017,INTERMEDIATE,STOCKPILE_1,905.0,OVERCAST,17.0,11.3,GOOD,0.1,5.9,1,24.8,24.5,72.5,5.0,17.6,8.4,COMPLETED,SYNTHETIC
T-SYN-0031,TRENCHING,CAT-349D,0.8,OP1012,INTERMEDIATE,STOCKPILE_2,789.0,CLEAR,26.9,10.7,EXCELLENT,5.3,4.8,0,36.2,23.9,74.5,4.7,28.7,15.4,COMPLETED,SYNTHETIC
T-SYN-0032,LOADING,CAT-349D,6.0,OP1004,EXPERT,RAMP_3_SOUTH,1437.0,OVERCAST,20.2,18.0,GOOD,1.9,4.0,0,23.8,26.7,85.2,3.7,20.6,11.7,COMPLETED,SYNTHETIC
T-SYN-0033,EXCAVATION,CAT-349D,2.9,OP1022,EXPERT,ZONE_4_NORTH,600.0,RAIN,19.1,29.2,MODERATE,1.4,15.0,5,33.7,26.8,77.5,34.4,50.8,16.0,COMPLETED,SYNTHETIC
T-SYN-0034,GRADING,CAT-D8T,3.4,OP1009,EXPERT,ZONE_4_NORTH,718.0,CLEAR,26.3,6.6,EXCELLENT,1.5,5.7,0,28.2,17.7,71.7,4.1,22.0,7.9,COMPLETED,SYNTHETIC
T-SYN-0035,EXCAVATION,CAT-349D,6.2,OP1012,INTERMEDIATE,STOCKPILE_2,416.0,CLEAR,22.2,14.1,EXCELLENT,0.2,5.5,2,25.5,24.6,69.2,5.7,11.8,4.7,COMPLETED,SYNTHETIC
T-SYN-0036,LOADING,CAT-349D,5.4,OP1020,EXPERT,BENCH_3_UPPER,1444.0,CLEAR,24.4,10.4,EXCELLENT,2.1,6.6,2,20.3,25.4,81.9,6.1,19.1,9.4,COMPLETED,SYNTHETIC
T-SYN-0037,TRENCHING,CAT-349D,4.2,OP1013,INTERMEDIATE,ZONE_4_NORTH,603.0,CLEAR,31.0,11.3,EXCELLENT,1.5,11.3,5,33.8,26.3,68.0,23.3,37.9,13.2,COMPLETED,SYNTHETIC
T-SYN-0038,TRENCHING,CAT-349D,5.8,OP1018,EXPERT,RAMP_3_SOUTH,832.0,OVERCAST,19.8,17.6,GOOD,3.6,6.6,1,32.8,29.6,72.2,4.8,21.6,10.2,COMPLETED,SYNTHETIC
T-SYN-0039,LOADING,CAT-349D,7.8,OP1004,MASTER,STOCKPILE_1,641.0,RAIN,18.5,28.9,MODERATE,2.0,5.5,2,24.0,22.8,90.6,5.5,15.9,7.1,COMPLETED,SYNTHETIC
T-SYN-0040,EXCAVATION,CAT-349D,4.7,OP1007,EXPERT,RAMP_3_SOUTH,355.0,RAIN,14.2,29.2,MODERATE,0.5,6.4,1,28.5,23.7,79.9,1.7,9.5,4.4,COMPLETED,SYNTHETIC
T-SYN-0041,EXCAVATION,CAT-349D,5.2,OP1011,EXPERT,ZONE_4_NORTH,748.0,OVERCAST,21.4,10.3,GOOD,9.1,4.5,1,31.2,30.6,78.4,4.8,18.0,8.9,COMPLETED,SYNTHETIC
T-SYN-0042,TRENCHING,CAT-349D,2.6,OP1021,EXPERT,BENCH_2_WEST,999.0,CLEAR,24.1,12.2,EXCELLENT,5.3,5.1,1,32.0,22.9,75.3,7.1,31.9,15.7,COMPLETED,SYNTHETIC
T-SYN-0043,TRENCHING,CAT-349D,1.5,OP1002,INTERMEDIATE,ZONE_4_NORTH,606.0,CLEAR,20.2,9.5,EXCELLENT,7.6,7.3,2,33.9,25.4,75.7,3.4,18.6,10.0,COMPLETED,SYNTHETIC
T-SYN-0044,TRENCHING,CAT-349D,7.3,OP1024,INTERMEDIATE,BENCH_3_UPPER,593.0,OVERCAST,21.2,13.0,GOOD,0.6,20.6,3,33.7,26.7,71.0,28.4,42.4,14.3,IN_PROGRESS,SYNTHETIC
T-SYN-0045,TRENCHING,CAT-349D,8.0,OP1007,EXPERT,BENCH_3_UPPER,461.0,MUD,16.7,38.7,POOR,2.2,7.3,2,36.0,27.7,74.7,2.3,17.6,7.2,COMPLETED,SYNTHETIC
T-SYN-0046,EXCAVATION,CAT-349D,2.3,OP1024,NOVICE,STOCKPILE_2,492.0,OVERCAST,18.5,10.5,GOOD,1.6,18.7,4,34.7,25.6,75.0,29.2,42.1,14.9,COMPLETED,SYNTHETIC
T-SYN-0047,EXCAVATION,CAT-349D,7.0,OP1003,NOVICE,STOCKPILE_2,721.0,OVERCAST,18.7,14.3,GOOD,6.4,4.8,1,34.8,24.3,82.1,4.6,24.6,15.2,COMPLETED,SYNTHETIC
T-SYN-0048,OVERBURDEN,CAT-349D,0.9,OP1021,INTERMEDIATE,HAUL_ROAD_EAST,609.0,CLEAR,20.6,6.4,EXCELLENT,5.5,11.3,3,22.2,27.8,82.3,20.0,26.0,8.4,COMPLETED,SYNTHETIC
T-SYN-0049,GRADING,CAT-D8T,0.5,OP1013,EXPERT,HAUL_ROAD_EAST,759.0,CLEAR,29.3,13.6,EXCELLENT,2.4,5.9,2,30.1,16.3,73.1,6.5,29.9,10.8,COMPLETED,SYNTHETIC
T-SYN-0050,LOADING,CAT-349D,2.1,OP1016,INTERMEDIATE,STOCKPILE_1,765.0,CLEAR,20.4,8.5,EXCELLENT,0.1,6.3,0,23.7,26.5,85.0,2.4,11.4,6.7,COMPLETED,SYNTHETIC
T-SYN-0051,EXCAVATION,CAT-349D,5.7,OP1020,NOVICE,STOCKPILE_2,363.0,FOG,10.0,15.2,POOR,6.8,7.0,1,35.8,25.7,77.1,5.0,15.1,7.8,COMPLETED,SYNTHETIC
T-SYN-0052,TRENCHING,CAT-349D,5.5,OP1005,EXPERT,ZONE_4_NORTH,766.0,OVERCAST,17.9,18.7,GOOD,0.3,5.1,2,32.4,28.0,72.5,6.9,22.9,10.3,COMPLETED,SYNTHETIC
T-SYN-0053,TRENCHING,CAT-349D,4.4,OP1001,NOVICE,BENCH_3_UPPER,637.0,OVERCAST,19.3,10.9,GOOD,3.9,4.1,1,39.0,28.6,70.5,5.2,24.0,12.6,COMPLETED,SYNTHETIC
T-SYN-0054,GRADING,CAT-D8T,7.1,OP1010,INTERMEDIATE,STOCKPILE_2,352.0,RAIN,18.4,35.0,MODERATE,1.1,7.0,2,36.3,20.6,81.0,2.1,16.6,6.3,COMPLETED,SYNTHETIC
T-SYN-0055,OVERBURDEN,CAT-349D,3.3,OP1023,EXPERT,RAMP_3_SOUTH,1009.0,CLEAR,23.8,11.1,EXCELLENT,0.6,7.2,1,23.0,26.1,77.5,2.4,13.8,7.2,IN_PROGRESS,SYNTHETIC
T-SYN-0056,EXCAVATION,CAT-349D,5.6,OP1001,INTERMEDIATE,RAMP_3_SOUTH,439.0,CLEAR,21.2,12.5,EXCELLENT,5.9,13.0,4,30.4,25.9,78.2,25.2,33.9,11.1,COMPLETED,SYNTHETIC
T-SYN-0057,OVERBURDEN,CAT-349D,5.4,OP1022,INTERMEDIATE,ZONE_4_NORTH,1502.0,CLEAR,23.5,12.6,EXCELLENT,7.7,7.4,1,26.5,26.5,86.1,5.5,27.6,16.5,COMPLETED,SYNTHETIC
T-SYN-0058,EXCAVATION,CAT-349D,6.8,OP1010,EXPERT,STOCKPILE_2,592.0,CLEAR,23.0,6.6,EXCELLENT,0.9,4.7,2,24.8,26.2,71.3,2.5,10.2,4.7,IN_PROGRESS,SYNTHETIC
T-SYN-0059,OVERBURDEN,CAT-349D,1.4,OP1018,EXPERT,ZONE_4_NORTH,1050.0,CLEAR,30.2,6.8,EXCELLENT,2.6,6.3,0,23.6,27.0,80.5,3.0,15.0,8.0,COMPLETED,SYNTHETIC
T-SYN-0060,EXCAVATION,CAT-349D,7.6,OP1001,EXPERT,BENCH_3_UPPER,517.0,OVERCAST,19.9,15.3,GOOD,5.6,12.4,3,30.2,29.0,78.8,20.9,29.9,10.1,COMPLETED,SYNTHETIC
T-SYN-0061,EXCAVATION,CAT-349D,2.4,OP1010,NOVICE,ZONE_4_NORTH,500.0,MUD,13.9,47.2,POOR,3.1,4.2,2,44.3,19.4,81.3,4.6,40.6,20.8,COMPLETED,SYNTHETIC
T-SYN-0062,OVERBURDEN,CAT-349D,3.1,OP1023,NOVICE,STOCKPILE_1,812.0,RAIN,17.7,34.5,MODERATE,5.0,5.3,0,36.6,23.5,86.7,3.9,33.7,20.1,COMPLETED,SYNTHETIC
T-SYN-0063,TRENCHING,CAT-349D,1.5,OP1019,NOVICE,HAUL_ROAD_EAST,677.0,CLEAR,31.1,8.2,EXCELLENT,10.5,5.9,0,42.7,23.2,78.4,7.3,36.9,21.7,IN_PROGRESS,SYNTHETIC
T-SYN-0064,GRADING,CAT-D8T,0.8,OP1007,INTERMEDIATE,RAMP_3_SOUTH,451.0,RAIN,20.0,31.4,MODERATE,10.9,5.0,2,40.1,18.6,85.1,5.3,30.4,11.8,COMPLETED,SYNTHETIC
T-SYN-0065,OVERBURDEN,CAT-349D,3.6,OP1010,EXPERT,STOCKPILE_1,1267.0,OVERCAST,19.5,11.3,GOOD,2.8,6.2,0,20.9,28.6,77.4,6.0,16.8,7.6,COMPLETED,SYNTHETIC
T-SYN-0066,EXCAVATION,CAT-349D,5.5,OP1021,NOVICE,BENCH_2_WEST,401.0,CLEAR,23.4,11.7,EXCELLENT,5.6,6.3,2,32.7,26.1,77.0,3.5,12.6,6.9,COMPLETED,SYNTHETIC
T-SYN-0067,OVERBURDEN,CAT-349D,3.5,OP1014,EXPERT,ZONE_4_NORTH,1536.0,OVERCAST,23.0,16.1,GOOD,6.0,4.8,2,26.4,26.2,80.7,3.6,26.3,14.6,COMPLETED,SYNTHETIC
T-SYN-0068,OVERBURDEN,CAT-349D,7.4,OP1023,EXPERT,RAMP_3_SOUTH,1056.0,RAIN,18.6,34.7,MODERATE,1.0,6.1,1,27.9,26.8,83.8,3.2,23.0,11.5,IN_PROGRESS,SYNTHETIC
T-SYN-0069,GRADING,CAT-D8T,7.0,OP1009,NOVICE,ZONE_4_NORTH,687.0,CLEAR,29.6,13.4,EXCELLENT,1.8,15.3,4,35.7,18.4,73.8,31.2,57.6,19.2,COMPLETED,SYNTHETIC
T-SYN-0070,OVERBURDEN,CAT-349D,7.9,OP1023,NOVICE,ZONE_4_NORTH,712.0,RAIN,15.6,36.4,MODERATE,1.7,4.2,0,34.8,26.0,87.3,6.1,27.5,15.3,IN_PROGRESS,SYNTHETIC
T-SYN-0071,OVERBURDEN,CAT-349D,8.0,OP1003,INTERMEDIATE,ZONE_4_NORTH,1025.0,RAIN,19.9,28.5,MODERATE,3.1,18.4,6,31.1,23.6,82.0,44.5,71.6,25.3,IN_PROGRESS,SYNTHETIC
T-SYN-0072,TRENCHING,CAT-349D,6.1,OP1005,EXPERT,STOCKPILE_2,492.0,MUD,12.9,52.6,POOR,0.4,3.8,1,39.0,24.7,82.5,2.2,23.7,10.9,COMPLETED,SYNTHETIC
T-SYN-0073,LOADING,CAT-349D,6.7,OP1001,NOVICE,BENCH_2_WEST,693.0,MUD,16.9,45.8,POOR,6.5,6.5,1,37.9,25.8,95.0,5.5,32.9,18.8,IN_PROGRESS,SYNTHETIC
T-SYN-0074,TRENCHING,CAT-349D,2.1,OP1016,INTERMEDIATE,BENCH_3_UPPER,894.0,CLEAR,21.0,6.8,EXCELLENT,1.3,7.5,2,30.9,27.3,70.4,6.8,24.2,11.3,COMPLETED,SYNTHETIC
T-SYN-0075,OVERBURDEN,CAT-349D,7.0,OP1015,NOVICE,BENCH_2_WEST,1151.0,RAIN,15.7,34.3,MODERATE,3.0,6.3,1,35.2,23.9,80.9,5.6,44.1,24.4,COMPLETED,SYNTHETIC
T-SYN-0076,TRENCHING,CAT-349D,6.2,OP1009,EXPERT,STOCKPILE_2,738.0,CLEAR,23.2,10.2,EXCELLENT,1.0,3.8,1,26.6,25.4,71.8,2.6,14.0,6.8,COMPLETED,SYNTHETIC
T-SYN-0077,OVERBURDEN,CAT-349D,4.0,OP1021,INTERMEDIATE,RAMP_3_SOUTH,1280.0,CLEAR,22.6,10.9,EXCELLENT,1.1,12.1,4,24.0,26.8,76.9,27.6,42.9,15.6,COMPLETED,SYNTHETIC
T-SYN-0078,TRENCHING,CAT-349D,3.2,OP1013,NOVICE,STOCKPILE_1,958.0,CLEAR,27.3,7.1,EXCELLENT,14.5,12.2,3,40.2,23.8,84.0,25.4,61.5,31.9,COMPLETED,SYNTHETIC
T-SYN-0079,GRADING,CAT-D8T,4.4,OP1011,MASTER,ZONE_4_NORTH,703.0,OVERCAST,18.6,19.5,GOOD,3.5,21.8,4,28.7,18.6,71.7,33.9,51.2,14.1,IN_PROGRESS,SYNTHETIC
T-SYN-0080,TRENCHING,CAT-349D,1.9,OP1020,NOVICE,RAMP_3_SOUTH,780.0,OVERCAST,18.9,14.1,GOOD,0.8,7.2,2,36.8,27.7,75.7,5.4,26.6,15.1,IN_PROGRESS,SYNTHETIC
T-SYN-0081,LOADING,CAT-349D,4.7,OP1024,INTERMEDIATE,STOCKPILE_1,989.0,CLEAR,21.1,6.7,EXCELLENT,4.6,17.2,6,23.1,24.5,86.3,42.8,54.8,17.9,COMPLETED,SYNTHETIC
T-SYN-0082,LOADING,CAT-349D,0.9,OP1021,MASTER,STOCKPILE_1,1280.0,MUD,15.5,35.1,POOR,0.1,3.6,1,21.1,22.4,91.6,1.8,19.9,9.7,COMPLETED,SYNTHETIC
T-SYN-0083,GRADING,CAT-D8T,3.0,OP1024,EXPERT,STOCKPILE_1,548.0,OVERCAST,18.2,11.6,GOOD,14.1,7.4,0,32.2,15.9,77.3,6.6,26.5,9.8,COMPLETED,SYNTHETIC
T-SYN-0084,TRENCHING,CAT-349D,1.3,OP1013,EXPERT,STOCKPILE_2,622.0,OVERCAST,23.9,16.1,GOOD,1.9,4.0,2,29.5,26.7,74.8,6.1,17.4,7.7,COMPLETED,SYNTHETIC
T-SYN-0085,EXCAVATION,CAT-349D,4.4,OP1011,INTERMEDIATE,HAUL_ROAD_EAST,320.0,CLEAR,28.0,8.8,EXCELLENT,3.2,5.6,2,29.0,27.3,69.5,1.9,7.4,3.5,COMPLETED,SYNTHETIC
T-SYN-0086,OVERBURDEN,CAT-349D,3.5,OP1010,EXPERT,RAMP_3_SOUTH,1029.0,CLEAR,27.8,13.7,EXCELLENT,5.9,3.6,0,23.2,30.2,82.6,5.2,15.4,7.5,COMPLETED,SYNTHETIC
T-SYN-0087,TRENCHING,CAT-349D,7.3,OP1008,NOVICE,RAMP_3_SOUTH,493.0,RAIN,14.7,24.8,MODERATE,3.7,7.2,2,42.7,25.3,79.7,7.8,30.7,15.3,COMPLETED,SYNTHETIC
T-SYN-0088,TRENCHING,CAT-349D,1.9,OP1005,INTERMEDIATE,RAMP_3_SOUTH,986.0,CLEAR,30.4,12.1,EXCELLENT,7.5,7.3,1,36.4,27.0,77.1,7.6,34.5,18.3,COMPLETED,SYNTHETIC
T-SYN-0089,OVERBURDEN,CAT-349D,5.8,OP1011,INTERMEDIATE,STOCKPILE_2,677.0,CLEAR,24.3,8.9,EXCELLENT,1.0,5.3,0,26.4,25.0,77.6,2.9,13.4,7.2,COMPLETED,SYNTHETIC
T-SYN-0090,OVERBURDEN,CAT-349D,2.1,OP1016,INTERMEDIATE,RAMP_3_SOUTH,663.0,FOG,11.4,15.5,POOR,0.3,17.3,4,26.5,26.0,79.2,33.3,43.2,13.8,COMPLETED,SYNTHETIC
T-SYN-0091,LOADING,CAT-349D,7.0,OP1004,MASTER,STOCKPILE_1,978.0,CLEAR,22.7,9.4,EXCELLENT,1.4,5.7,1,20.6,26.3,80.7,3.7,12.5,5.9,COMPLETED,SYNTHETIC
T-SYN-0092,EXCAVATION,CAT-349D,5.9,OP1018,NOVICE,RAMP_3_SOUTH,554.0,CLEAR,21.3,10.0,EXCELLENT,2.0,7.5,0,35.6,24.8,74.5,5.5,21.2,11.4,IN_PROGRESS,SYNTHETIC
T-SYN-0093,EXCAVATION,CAT-349D,5.3,OP1015,NOVICE,RAMP_3_SOUTH,711.0,OVERCAST,23.2,14.8,GOOD,0.5,6.6,2,34.3,30.1,74.1,4.3,19.7,10.9,IN_PROGRESS,SYNTHETIC
T-SYN-0094,LOADING,CAT-349D,5.5,OP1017,MASTER,STOCKPILE_1,1060.0,OVERCAST,22.5,15.1,GOOD,6.0,19.2,4,23.7,26.0,82.7,36.4,49.1,15.8,COMPLETED,SYNTHETIC
T-SYN-0095,TRENCHING,CAT-349D,1.3,OP1020,MASTER,BENCH_2_WEST,856.0,CLEAR,23.5,10.3,EXCELLENT,1.4,4.2,2,24.9,26.6,71.7,3.2,14.3,6.4,IN_PROGRESS,SYNTHETIC
T-SYN-0096,EXCAVATION,CAT-349D,4.6,OP1004,EXPERT,ZONE_4_NORTH,524.0,OVERCAST,22.3,17.5,GOOD,5.2,4.5,1,29.4,25.6,79.7,2.8,12.6,6.5,IN_PROGRESS,SYNTHETIC
T-SYN-0097,GRADING,CAT-D8T,2.9,OP1009,INTERMEDIATE,ZONE_4_NORTH,682.0,OVERCAST,18.4,13.7,GOOD,1.3,5.5,1,28.6,15.7,63.3,7.0,26.7,8.8,COMPLETED,SYNTHETIC
T-SYN-0098,OVERBURDEN,CAT-349D,6.4,OP1019,INTERMEDIATE,ZONE_4_NORTH,1168.0,CLEAR,25.7,9.9,EXCELLENT,1.7,6.8,2,23.3,27.3,73.1,7.0,19.9,9.1,COMPLETED,SYNTHETIC
T-SYN-0099,OVERBURDEN,CAT-349D,7.2,OP1004,INTERMEDIATE,STOCKPILE_1,1157.0,CLEAR,27.3,14.4,EXCELLENT,1.1,4.2,0,24.5,25.0,77.3,6.4,21.8,11.0,COMPLETED,SYNTHETIC
T-SYN-0100,LOADING,CAT-349D,1.9,OP1006,NOVICE,BENCH_3_UPPER,1414.0,CLEAR,31.0,6.4,EXCELLENT,5.9,4.6,1,28.0,27.3,81.7,4.5,27.1,16.9,COMPLETED,SYNTHETIC
T-SYN-0101,GRADING,CAT-D8T,6.3,OP1018,INTERMEDIATE,BENCH_3_UPPER,404.0,CLEAR,20.1,10.7,EXCELLENT,3.1,6.7,2,31.4,15.1,64.8,3.1,17.8,6.2,COMPLETED,SYNTHETIC
T-SYN-0102,EXCAVATION,CAT-349D,3.6,OP1018,INTERMEDIATE,RAMP_3_SOUTH,502.0,OVERCAST,21.5,19.8,GOOD,1.6,4.5,2,31.1,28.0,79.4,2.8,12.4,6.7,COMPLETED,SYNTHETIC
T-SYN-0103,EXCAVATION,CAT-349D,4.0,OP1005,INTERMEDIATE,BENCH_3_UPPER,427.0,MUD,16.8,40.3,POOR,4.0,21.4,5,41.7,22.8,85.1,40.0,63.2,21.3,IN_PROGRESS,SYNTHETIC
T-SYN-0104,EXCAVATION,CAT-349D,5.3,OP1004,EXPERT,BENCH_2_WEST,325.0,MUD,17.1,52.0,POOR,0.4,4.7,0,35.5,26.0,85.6,6.2,17.4,7.0,COMPLETED,SYNTHETIC
T-SYN-0105,GRADING,CAT-D8T,3.8,OP1005,EXPERT,STOCKPILE_2,359.0,RAIN,18.9,34.5,MODERATE,2.4,5.5,2,35.4,17.7,75.5,6.4,22.8,7.2,COMPLETED,SYNTHETIC
T-SYN-0106,EXCAVATION,CAT-349D,6.0,OP1007,EXPERT,STOCKPILE_2,759.0,CLEAR,29.5,14.6,EXCELLENT,2.6,4.9,1,29.7,28.1,73.7,3.9,17.1,8.2,COMPLETED,SYNTHETIC
T-SYN-0107,OVERBURDEN,CAT-349D,2.6,OP1015,EXPERT,STOCKPILE_1,937.0,FOG,15.3,18.0,POOR,11.5,6.1,2,27.9,23.3,85.0,4.9,22.3,12.2,COMPLETED,SYNTHETIC
T-SYN-0108,TRENCHING,CAT-349D,0.9,OP1020,INTERMEDIATE,RAMP_3_SOUTH,850.0,CLEAR,24.8,14.5,EXCELLENT,0.4,7.0,0,33.6,23.8,72.7,6.7,29.1,14.5,COMPLETED,SYNTHETIC
T-SYN-0109,EXCAVATION,CAT-349D,2.2,OP1009,NOVICE,RAMP_3_SOUTH,538.0,RAIN,17.8,34.4,MODERATE,1.9,6.1,0,39.7,25.0,75.2,5.8,27.7,13.5,COMPLETED,SYNTHETIC
T-SYN-0110,EXCAVATION,CAT-349D,7.8,OP1017,MASTER,RAMP_3_SOUTH,360.0,CLEAR,22.0,7.1,EXCELLENT,0.6,21.9,3,22.7,24.3,70.3,31.5,35.7,9.2,COMPLETED,SYNTHETIC
T-SYN-0111,LOADING,CAT-349D,7.1,OP1011,EXPERT,STOCKPILE_2,770.0,RAIN,16.7,28.8,MODERATE,2.5,4.5,1,27.4,26.9,86.4,5.2,19.0,8.9,COMPLETED,SYNTHETIC
T-SYN-0112,OVERBURDEN,CAT-349D,1.1,OP1005,EXPERT,STOCKPILE_1,1169.0,CLEAR,28.3,14.1,EXCELLENT,5.1,5.7,0,27.8,24.1,81.5,5.8,26.6,14.1,COMPLETED,SYNTHETIC
T-SYN-0113,LOADING,CAT-349D,5.6,OP1019,NOVICE,STOCKPILE_2,1343.0,OVERCAST,16.7,12.2,GOOD,3.8,6.8,1,28.3,23.7,90.0,6.6,31.8,21.1,COMPLETED,SYNTHETIC
T-SYN-0114,OVERBURDEN,CAT-349D,4.2,OP1016,INTERMEDIATE,HAUL_ROAD_EAST,1522.0,RAIN,14.4,31.2,MODERATE,1.6,5.4,2,27.6,26.5,86.2,3.4,31.6,17.5,COMPLETED,SYNTHETIC
T-SYN-0115,EXCAVATION,CAT-349D,3.7,OP1013,EXPERT,BENCH_3_UPPER,384.0,CLEAR,26.8,6.5,EXCELLENT,4.5,4.8,1,25.2,26.2,69.7,5.9,11.1,4.0,COMPLETED,SYNTHETIC
T-SYN-0116,LOADING,CAT-349D,6.2,OP1009,EXPERT,RAMP_3_SOUTH,1182.0,CLEAR,23.4,7.5,EXCELLENT,1.1,7.5,0,18.8,22.2,84.1,2.7,13.2,7.2,COMPLETED,SYNTHETIC
T-SYN-0117,LOADING,CAT-349D,6.7,OP1023,INTERMEDIATE,STOCKPILE_2,869.0,FOG,15.9,24.1,POOR,9.1,5.7,0,29.8,26.4,92.9,6.0,22.2,13.4,COMPLETED,SYNTHETIC
T-SYN-0118,TRENCHING,CAT-349D,3.0,OP1011,NOVICE,BENCH_2_WEST,732.0,MUD,14.7,39.6,POOR,14.5,14.5,3,52.0,25.5,92.2,22.7,77.9,39.5,COMPLETED,SYNTHETIC
T-SYN-0119,LOADING,CAT-349D,0.7,OP1003,EXPERT,BENCH_2_WEST,1403.0,OVERCAST,19.6,14.4,GOOD,0.1,3.5,1,21.5,25.3,84.0,2.9,17.1,9.6,COMPLETED,SYNTHETIC
T-SYN-0120,LOADING,CAT-349D,5.9,OP1024,INTERMEDIATE,RAMP_3_SOUTH,824.0,OVERCAST,18.4,14.8,GOOD,1.4,14.9,4,24.0,22.4,85.2,28.9,40.7,14.5,COMPLETED,SYNTHETIC
T-SYN-0121,GRADING,CAT-D8T,6.6,OP1002,EXPERT,ZONE_4_NORTH,412.0,OVERCAST,20.8,12.5,GOOD,0.2,5.2,0,25.5,17.0,71.6,6.2,15.0,4.8,COMPLETED,SYNTHETIC
T-SYN-0122,EXCAVATION,CAT-349D,7.4,OP1013,MASTER,ZONE_4_NORTH,575.0,RAIN,19.8,36.7,MODERATE,13.2,20.3,3,31.0,24.9,93.1,25.4,39.7,14.0,COMPLETED,SYNTHETIC
T-SYN-0123,GRADING,CAT-D8T,1.1,OP1005,EXPERT,BENCH_3_UPPER,667.0,OVERCAST,20.1,13.1,GOOD,2.1,4.2,1,27.5,16.4,73.8,3.1,20.2,7.5,COMPLETED,SYNTHETIC
T-SYN-0124,OVERBURDEN,CAT-349D,3.3,OP1019,EXPERT,BENCH_2_WEST,1587.0,OVERCAST,23.4,12.6,GOOD,3.9,12.0,5,22.2,24.4,84.9,30.3,48.1,18.2,COMPLETED,SYNTHETIC
T-SYN-0125,TRENCHING,CAT-349D,3.0,OP1018,EXPERT,STOCKPILE_2,470.0,RAIN,16.7,37.3,MODERATE,9.7,5.5,0,39.0,24.7,87.2,3.4,22.1,11.3,COMPLETED,SYNTHETIC
T-SYN-0126,EXCAVATION,CAT-349D,3.8,OP1014,INTERMEDIATE,STOCKPILE_2,626.0,CLEAR,20.4,11.1,EXCELLENT,1.9,11.2,4,29.9,26.3,72.4,22.3,34.1,11.9,COMPLETED,SYNTHETIC
T-SYN-0127,LOADING,CAT-349D,5.0,OP1016,NOVICE,STOCKPILE_2,1542.0,CLEAR,25.1,6.0,EXCELLENT,1.0,17.6,3,26.0,26.5,81.4,30.5,52.4,22.2,COMPLETED,SYNTHETIC
T-SYN-0128,OVERBURDEN,CAT-349D,0.8,OP1024,INTERMEDIATE,STOCKPILE_2,1053.0,CLEAR,24.0,14.9,EXCELLENT,0.1,4.8,0,27.9,27.2,77.5,7.1,23.8,12.0,IN_PROGRESS,SYNTHETIC
T-SYN-0129,TRENCHING,CAT-349D,4.3,OP1014,NOVICE,STOCKPILE_1,703.0,MUD,15.0,54.4,POOR,2.9,5.3,0,46.3,26.4,84.4,9.1,49.7,25.2,IN_PROGRESS,SYNTHETIC
T-SYN-0130,EXCAVATION,CAT-349D,2.8,OP1010,NOVICE,STOCKPILE_1,432.0,CLEAR,28.2,6.8,EXCELLENT,14.5,4.9,0,37.6,23.5,80.2,5.3,19.7,11.2,COMPLETED,SYNTHETIC
T-SYN-0131,EXCAVATION,CAT-349D,7.3,OP1018,INTERMEDIATE,ZONE_4_NORTH,365.0,OVERCAST,17.0,12.4,GOOD,7.0,7.2,0,30.8,24.0,74.7,3.3,11.3,5.5,COMPLETED,SYNTHETIC
T-SYN-0132,EXCAVATION,CAT-349D,4.4,OP1019,INTERMEDIATE,BENCH_2_WEST,320.0,OVERCAST,16.1,19.3,GOOD,0.7,13.6,4,30.7,23.7,75.3,25.1,32.2,9.9,IN_PROGRESS,SYNTHETIC
T-SYN-0133,TRENCHING,CAT-349D,3.0,OP1015,NOVICE,ZONE_4_NORTH,703.0,CLEAR,29.1,14.9,EXCELLENT,3.8,4.8,0,41.0,27.1,74.8,5.6,29.8,16.9,COMPLETED,SYNTHETIC
T-SYN-0134,GRADING,CAT-D8T,6.5,OP1002,INTERMEDIATE,RAMP_3_SOUTH,628.0,CLEAR,31.9,12.7,EXCELLENT,0.5,19.5,5,33.0,16.1,67.2,39.3,62.9,18.0,COMPLETED,SYNTHETIC
T-SYN-0135,TRENCHING,CAT-349D,0.8,OP1012,INTERMEDIATE,BENCH_2_WEST,936.0,CLEAR,25.1,13.8,EXCELLENT,0.1,4.8,2,31.8,26.1,71.1,3.4,23.5,12.2,COMPLETED,SYNTHETIC
T-SYN-0136,TRENCHING,CAT-349D,4.7,OP1012,INTERMEDIATE,BENCH_3_UPPER,485.0,CLEAR,31.6,12.8,EXCELLENT,14.5,4.2,0,41.1,25.8,81.6,3.0,20.6,12.2,COMPLETED,SYNTHETIC
T-SYN-0137,LOADING,CAT-349D,5.9,OP1009,NOVICE,HAUL_ROAD_EAST,1263.0,RAIN,14.4,31.2,MODERATE,2.0,21.3,4,33.1,26.6,87.9,39.9,73.4,30.9,COMPLETED,SYNTHETIC
T-SYN-0138,TRENCHING,CAT-349D,1.7,OP1018,NOVICE,RAMP_3_SOUTH,453.0,OVERCAST,23.0,14.8,GOOD,3.7,21.2,5,39.7,24.5,71.7,42.9,59.1,19.7,COMPLETED,SYNTHETIC
T-SYN-0139,EXCAVATION,CAT-349D,7.2,OP1012,INTERMEDIATE,HAUL_ROAD_EAST,628.0,CLEAR,20.5,11.5,EXCELLENT,1.5,21.4,6,29.1,25.8,72.5,49.0,60.5,17.7,COMPLETED,SYNTHETIC
T-SYN-0140,LOADING,CAT-349D,2.7,OP1012,NOVICE,STOCKPILE_1,1227.0,CLEAR,24.6,7.0,EXCELLENT,1.4,4.9,2,25.6,26.2,83.7,7.5,24.6,14.0,COMPLETED,SYNTHETIC
T-SYN-0141,LOADING,CAT-349D,7.3,OP1009,EXPERT,ZONE_4_NORTH,693.0,OVERCAST,21.6,19.9,GOOD,0.8,4.0,2,22.0,24.8,81.9,4.6,12.1,5.7,COMPLETED,SYNTHETIC
T-SYN-0142,LOADING,CAT-349D,6.2,OP1013,EXPERT,RAMP_3_SOUTH,1248.0,CLEAR,26.7,7.2,EXCELLENT,6.2,4.3,2,23.8,24.3,83.5,6.4,22.6,11.6,IN_PROGRESS,SYNTHETIC
T-SYN-0143,GRADING,CAT-D8T,2.0,OP1005,INTERMEDIATE,RAMP_3_SOUTH,320.0,RAIN,17.7,28.3,MODERATE,1.1,3.7,2,36.8,16.1,74.2,4.6,21.9,7.4,COMPLETED,SYNTHETIC
T-SYN-0144,TRENCHING,CAT-349D,3.8,OP1019,INTERMEDIATE,STOCKPILE_2,631.0,OVERCAST,20.8,19.0,GOOD,5.6,14.9,3,37.7,25.6,72.6,27.2,46.7,17.4,IN_PROGRESS,SYNTHETIC
T-SYN-0145,EXCAVATION,CAT-349D,1.0,OP1018,INTERMEDIATE,ZONE_4_NORTH,587.0,CLEAR,31.8,7.1,EXCELLENT,0.9,5.8,0,29.3,26.5,73.0,5.3,15.9,7.4,IN_PROGRESS,SYNTHETIC
T-SYN-0146,OVERBURDEN,CAT-349D,3.3,OP1016,INTERMEDIATE,ZONE_4_NORTH,1324.0,CLEAR,20.8,12.3,EXCELLENT,2.3,20.5,5,24.8,25.4,77.3,45.1,62.9,21.2,COMPLETED,SYNTHETIC
T-SYN-0147,EXCAVATION,CAT-349D,4.6,OP1007,INTERMEDIATE,BENCH_3_UPPER,715.0,OVERCAST,20.0,19.9,GOOD,0.2,16.3,3,31.3,26.7,74.4,24.2,38.8,14.1,COMPLETED,SYNTHETIC
T-SYN-0148,TRENCHING,CAT-349D,4.4,OP1011,INTERMEDIATE,STOCKPILE_1,923.0,CLEAR,23.0,8.7,EXCELLENT,1.8,4.0,1,31.1,23.2,71.7,2.8,24.2,12.9,COMPLETED,SYNTHETIC
T-SYN-0149,EXCAVATION,CAT-349D,6.2,OP1007,MASTER,ZONE_4_NORTH,480.0,RAIN,14.4,32.3,MODERATE,3.4,17.5,3,29.8,24.8,85.2,25.8,36.9,11.7,COMPLETED,SYNTHETIC
T-SYN-0150,LOADING,CAT-349D,6.4,OP1012,EXPERT,RAMP_3_SOUTH,930.0,RAIN,15.5,31.8,MODERATE,1.0,6.2,2,24.7,26.9,95.0,2.3,15.9,8.9,COMPLETED,SYNTHETIC
T-SYN-0151,EXCAVATION,CAT-349D,4.5,OP1021,NOVICE,RAMP_3_SOUTH,750.0,CLEAR,22.4,12.7,EXCELLENT,0.7,3.8,0,34.1,25.8,72.7,6.5,25.3,13.3,COMPLETED,SYNTHETIC
T-SYN-0152,LOADING,CAT-349D,2.9,OP1005,EXPERT,RAMP_3_SOUTH,1598.0,OVERCAST,21.3,14.4,GOOD,3.6,13.2,5,20.7,23.9,85.1,29.3,45.2,16.8,COMPLETED,SYNTHETIC
T-SYN-0153,LOADING,CAT-349D,4.9,OP1015,EXPERT,BENCH_3_UPPER,1206.0,OVERCAST,22.3,16.2,GOOD,6.1,14.0,6,20.1,25.0,86.5,36.3,47.1,15.2,COMPLETED,SYNTHETIC
T-SYN-0154,EXCAVATION,CAT-349D,6.0,OP1010,EXPERT,HAUL_ROAD_EAST,662.0,OVERCAST,18.7,14.5,GOOD,2.8,5.0,0,27.2,28.0,80.9,6.3,16.0,7.3,COMPLETED,SYNTHETIC
T-SYN-0155,LOADING,CAT-349D,2.3,OP1006,NOVICE,STOCKPILE_1,711.0,RAIN,16.3,34.8,MODERATE,2.5,7.3,0,34.8,25.8,91.6,5.5,27.0,15.9,IN_PROGRESS,SYNTHETIC
T-SYN-0156,LOADING,CAT-349D,2.1,OP1017,EXPERT,STOCKPILE_2,877.0,CLEAR,28.2,14.5,EXCELLENT,0.9,21.3,5,20.3,26.2,86.6,41.9,49.6,14.4,COMPLETED,SYNTHETIC
T-SYN-0157,EXCAVATION,CAT-349D,1.2,OP1008,INTERMEDIATE,BENCH_3_UPPER,382.0,CLEAR,22.7,10.5,EXCELLENT,1.7,5.0,2,28.2,25.2,74.3,6.0,12.7,5.3,COMPLETED,SYNTHETIC
T-SYN-0158,GRADING,CAT-D8T,5.2,OP1015,EXPERT,HAUL_ROAD_EAST,691.0,RAIN,14.1,37.4,MODERATE,2.9,3.5,2,34.7,19.5,82.0,3.7,31.2,11.4,COMPLETED,SYNTHETIC
T-SYN-0159,LOADING,CAT-349D,3.3,OP1011,MASTER,BENCH_2_WEST,1244.0,CLEAR,23.5,10.4,EXCELLENT,2.1,4.6,1,19.9,26.4,86.3,1.7,12.1,6.8,COMPLETED,SYNTHETIC
T-SYN-0160,LOADING,CAT-349D,5.6,OP1006,EXPERT,STOCKPILE_2,1255.0,OVERCAST,19.2,10.4,GOOD,0.2,3.6,1,19.6,28.6,83.7,4.7,14.1,7.0,COMPLETED,SYNTHETIC
T-SYN-0161,LOADING,CAT-349D,6.9,OP1004,NOVICE,RAMP_3_SOUTH,604.0,CLEAR,30.0,5.8,EXCELLENT,2.0,4.8,0,27.5,27.0,83.0,6.4,15.8,8.2,COMPLETED,SYNTHETIC
T-SYN-0162,LOADING,CAT-349D,1.4,OP1018,INTERMEDIATE,RAMP_3_SOUTH,1011.0,CLEAR,24.9,14.4,EXCELLENT,5.7,5.3,2,24.9,25.4,92.9,3.3,17.0,10.9,COMPLETED,SYNTHETIC
T-SYN-0163,LOADING,CAT-349D,3.1,OP1023,EXPERT,BENCH_3_UPPER,797.0,OVERCAST,22.2,12.7,GOOD,2.8,6.8,2,21.4,28.4,89.3,6.1,13.2,6.2,COMPLETED,SYNTHETIC
T-SYN-0164,LOADING,CAT-349D,3.7,OP1009,INTERMEDIATE,STOCKPILE_1,1488.0,CLEAR,22.9,5.8,EXCELLENT,1.9,5.6,0,20.4,28.3,85.7,3.0,15.2,9.0,IN_PROGRESS,SYNTHETIC
T-SYN-0165,GRADING,CAT-D8T,6.2,OP1007,INTERMEDIATE,RAMP_3_SOUTH,632.0,CLEAR,30.6,12.3,EXCELLENT,2.7,7.5,0,32.9,15.1,68.8,7.6,32.8,11.7,IN_PROGRESS,SYNTHETIC
T-SYN-0166,TRENCHING,CAT-349D,4.7,OP1019,NOVICE,BENCH_2_WEST,695.0,RAIN,16.4,29.5,MODERATE,2.5,7.1,1,41.8,23.0,79.9,6.2,40.2,21.6,COMPLETED,SYNTHETIC
T-SYN-0167,TRENCHING,CAT-349D,4.0,OP1006,INTERMEDIATE,STOCKPILE_2,880.0,OVERCAST,22.5,17.5,GOOD,4.6,4.1,0,35.7,28.4,79.6,6.1,28.0,15.3,COMPLETED,SYNTHETIC
T-SYN-0168,TRENCHING,CAT-349D,4.3,OP1010,MASTER,STOCKPILE_1,892.0,MUD,17.9,52.5,POOR,1.9,15.3,6,36.8,27.1,84.1,41.3,73.0,24.3,COMPLETED,SYNTHETIC
T-SYN-0169,GRADING,CAT-D8T,4.0,OP1008,EXPERT,BENCH_2_WEST,425.0,CLEAR,27.7,14.7,EXCELLENT,1.9,20.5,6,28.4,16.9,71.6,48.5,59.8,15.3,COMPLETED,SYNTHETIC
T-SYN-0170,LOADING,CAT-349D,6.6,OP1017,INTERMEDIATE,STOCKPILE_1,993.0,CLEAR,28.9,12.8,EXCELLENT,0.9,3.5,2,24.1,28.6,82.4,4.2,15.4,8.3,IN_PROGRESS,SYNTHETIC
T-SYN-0171,EXCAVATION,CAT-349D,4.5,OP1003,EXPERT,HAUL_ROAD_EAST,480.0,CLEAR,30.1,6.7,EXCELLENT,6.6,4.3,2,24.2,25.6,79.5,5.0,11.1,4.8,COMPLETED,SYNTHETIC
T-SYN-0172,GRADING,CAT-D8T,1.1,OP1010,EXPERT,BENCH_3_UPPER,626.0,MUD,16.2,48.5,POOR,5.0,3.9,1,39.5,20.1,84.1,6.1,40.7,13.7,IN_PROGRESS,SYNTHETIC
T-SYN-0173,GRADING,CAT-D8T,7.9,OP1008,NOVICE,BENCH_3_UPPER,624.0,MUD,12.3,50.1,POOR,5.2,4.5,1,49.3,16.0,84.6,8.0,75.4,29.6,COMPLETED,SYNTHETIC
T-SYN-0174,EXCAVATION,CAT-349D,5.7,OP1018,EXPERT,STOCKPILE_2,670.0,MUD,14.3,51.7,POOR,1.4,6.9,0,35.7,25.3,83.3,6.0,30.0,13.1,COMPLETED,SYNTHETIC
T-SYN-0175,OVERBURDEN,CAT-349D,4.2,OP1011,NOVICE,HAUL_ROAD_EAST,784.0,CLEAR,22.9,8.3,EXCELLENT,2.8,11.5,3,27.6,26.7,76.7,20.8,33.2,12.9,COMPLETED,SYNTHETIC
T-SYN-0176,TRENCHING,CAT-349D,5.0,OP1003,INTERMEDIATE,RAMP_3_SOUTH,988.0,CLEAR,28.1,5.5,EXCELLENT,7.4,5.4,0,33.2,22.7,79.0,5.4,32.1,18.1,COMPLETED,SYNTHETIC
T-SYN-0177,TRENCHING,CAT-349D,6.7,OP1009,EXPERT,HAUL_ROAD_EAST,872.0,OVERCAST,18.2,13.7,GOOD,0.1,5.3,2,28.1,26.9,73.9,2.2,16.4,8.4,COMPLETED,SYNTHETIC
T-SYN-0178,GRADING,CAT-D8T,3.3,OP1007,INTERMEDIATE,STOCKPILE_2,630.0,RAIN,15.9,34.6,MODERATE,7.8,6.5,0,40.5,17.5,83.1,4.1,42.2,16.7,IN_PROGRESS,SYNTHETIC
T-SYN-0179,TRENCHING,CAT-349D,1.4,OP1016,INTERMEDIATE,STOCKPILE_2,412.0,MUD,12.2,47.4,POOR,11.1,4.0,2,45.8,25.2,88.8,2.5,26.9,14.1,COMPLETED,SYNTHETIC
T-SYN-0180,EXCAVATION,CAT-349D,1.2,OP1008,INTERMEDIATE,STOCKPILE_1,354.0,OVERCAST,17.8,10.2,GOOD,6.0,12.6,6,33.6,23.0,83.1,29.7,39.4,13.1,COMPLETED,SYNTHETIC
T-SYN-0181,OVERBURDEN,CAT-349D,2.0,OP1014,EXPERT,STOCKPILE_1,1568.0,CLEAR,31.2,6.5,EXCELLENT,1.5,21.2,4,19.4,25.0,74.6,37.3,50.4,15.7,COMPLETED,SYNTHETIC
T-SYN-0182,TRENCHING,CAT-349D,1.7,OP1007,INTERMEDIATE,BENCH_3_UPPER,497.0,CLEAR,28.5,15.0,EXCELLENT,0.0,3.7,0,34.2,24.6,79.1,5.5,18.6,9.5,COMPLETED,SYNTHETIC
T-SYN-0183,LOADING,CAT-349D,2.1,OP1018,INTERMEDIATE,RAMP_3_SOUTH,845.0,RAIN,16.8,28.5,MODERATE,0.2,21.9,6,25.9,24.5,88.7,50.4,65.3,20.5,COMPLETED,SYNTHETIC
T-SYN-0184,TRENCHING,CAT-349D,6.5,OP1016,MASTER,RAMP_3_SOUTH,711.0,CLEAR,29.3,6.5,EXCELLENT,7.3,4.1,1,27.7,24.8,71.8,4.6,16.8,7.4,COMPLETED,SYNTHETIC
T-SYN-0185,TRENCHING,CAT-349D,4.6,OP1021,INTERMEDIATE,BENCH_2_WEST,477.0,OVERCAST,17.5,14.7,GOOD,3.6,5.5,1,35.6,25.1,79.0,6.4,19.8,9.9,COMPLETED,SYNTHETIC
T-SYN-0186,LOADING,CAT-349D,2.6,OP1018,NOVICE,HAUL_ROAD_EAST,760.0,CLEAR,22.9,5.6,EXCELLENT,3.0,6.7,2,27.6,27.4,83.8,4.5,16.2,9.5,COMPLETED,SYNTHETIC
T-SYN-0187,LOADING,CAT-349D,2.1,OP1019,MASTER,ZONE_4_NORTH,684.0,RAIN,17.6,27.4,MODERATE,4.0,5.9,1,26.1,26.0,89.7,6.0,17.5,7.8,COMPLETED,SYNTHETIC
T-SYN-0188,GRADING,CAT-D8T,5.7,OP1022,INTERMEDIATE,HAUL_ROAD_EAST,497.0,MUD,12.5,41.5,POOR,1.1,5.4,0,39.2,18.2,78.8,7.2,37.0,12.2,COMPLETED,SYNTHETIC
T-SYN-0189,LOADING,CAT-349D,3.3,OP1010,EXPERT,ZONE_4_NORTH,1218.0,CLEAR,22.8,14.9,EXCELLENT,5.5,13.0,5,23.0,24.9,88.2,29.3,43.7,16.1,COMPLETED,SYNTHETIC
T-SYN-0190,GRADING,CAT-D8T,7.8,OP1008,INTERMEDIATE,HAUL_ROAD_EAST,624.0,MUD,13.5,52.7,POOR,0.7,6.0,2,43.1,18.4,85.3,5.1,49.9,18.4,IN_PROGRESS,SYNTHETIC
T-SYN-0191,LOADING,CAT-349D,3.8,OP1004,INTERMEDIATE,RAMP_3_SOUTH,1332.0,CLEAR,25.4,9.1,EXCELLENT,1.7,3.6,1,23.6,29.5,79.2,6.7,20.7,10.4,COMPLETED,SYNTHETIC
T-SYN-0192,TRENCHING,CAT-349D,5.1,OP1019,EXPERT,BENCH_2_WEST,857.0,CLEAR,21.4,11.6,EXCELLENT,2.2,4.3,1,31.1,26.7,67.1,6.9,24.1,10.3,IN_PROGRESS,SYNTHETIC
T-SYN-0193,TRENCHING,CAT-349D,0.9,OP1008,NOVICE,STOCKPILE_1,976.0,CLEAR,22.0,14.5,EXCELLENT,1.1,6.1,0,37.5,26.6,75.0,8.6,37.3,20.5,COMPLETED,SYNTHETIC
T-SYN-0194,TRENCHING,CAT-349D,2.4,OP1015,EXPERT,HAUL_ROAD_EAST,562.0,OVERCAST,21.1,11.6,GOOD,1.7,4.1,2,30.7,28.6,74.3,2.6,12.9,6.3,IN_PROGRESS,SYNTHETIC
T-SYN-0195,LOADING,CAT-349D,1.5,OP1018,EXPERT,RAMP_3_SOUTH,1321.0,OVERCAST,23.2,11.0,GOOD,0.1,6.9,1,19.2,26.0,83.0,2.5,12.9,7.1,COMPLETED,SYNTHETIC
T-SYN-0196,OVERBURDEN,CAT-349D,1.0,OP1010,EXPERT,HAUL_ROAD_EAST,601.0,RAIN,18.3,36.0,MODERATE,3.2,4.9,2,28.4,24.0,86.9,2.0,15.0,7.8,COMPLETED,SYNTHETIC
T-SYN-0197,OVERBURDEN,CAT-349D,2.8,OP1003,MASTER,RAMP_3_SOUTH,696.0,CLEAR,28.6,11.0,EXCELLENT,10.0,11.8,6,26.4,24.8,89.3,35.1,46.0,14.9,COMPLETED,SYNTHETIC
T-SYN-0198,LOADING,CAT-349D,0.8,OP1018,EXPERT,STOCKPILE_1,1092.0,CLEAR,26.1,14.4,EXCELLENT,1.8,11.6,6,23.7,27.4,85.5,29.4,41.8,14.6,COMPLETED,SYNTHETIC
T-SYN-0199,EXCAVATION,CAT-349D,0.7,OP1012,INTERMEDIATE,HAUL_ROAD_EAST,377.0,OVERCAST,19.1,15.6,GOOD,0.9,6.5,0,28.7,26.7,76.1,3.6,10.1,4.7,COMPLETED,SYNTHETIC
T-SYN-0200,EXCAVATION,CAT-349D,1.0,OP1024,NOVICE,ZONE_4_NORTH,373.0,CLEAR,28.4,12.9,EXCELLENT,4.3,4.9,1,36.1,25.3,77.2,6.1,16.8,8.5,COMPLETED,SYNTHETIC
T-SYN-0201,GRADING,CAT-D8T,5.7,OP1019,NOVICE,BENCH_3_UPPER,520.0,RAIN,15.2,33.1,MODERATE,2.2,16.7,4,41.1,17.9,78.1,30.4,62.0,20.1,COMPLETED,SYNTHETIC
T-SYN-0202,TRENCHING,CAT-349D,2.9,OP1023,EXPERT,STOCKPILE_2,607.0,MUD,13.8,37.3,POOR,2.4,7.0,0,33.4,27.6,80.6,4.3,21.7,9.2,IN_PROGRESS,SYNTHETIC
T-SYN-0203,EXCAVATION,CAT-349D,6.5,OP1020,NOVICE,STOCKPILE_1,336.0,OVERCAST,16.3,10.8,GOOD,5.9,4.9,0,34.7,26.2,74.0,2.6,11.2,6.1,COMPLETED,SYNTHETIC
T-SYN-0204,OVERBURDEN,CAT-349D,5.0,OP1017,EXPERT,HAUL_ROAD_EAST,924.0,RAIN,18.9,30.8,MODERATE,1.3,18.3,4,27.4,27.8,81.9,33.4,49.5,16.1,COMPLETED,SYNTHETIC
T-SYN-0205,LOADING,CAT-349D,3.7,OP1004,NOVICE,STOCKPILE_2,1087.0,CLEAR,28.6,10.8,EXCELLENT,5.9,6.5,2,26.0,26.5,85.5,4.1,19.5,12.3,IN_PROGRESS,SYNTHETIC
T-SYN-0206,TRENCHING,CAT-349D,8.0,OP1009,EXPERT,ZONE_4_NORTH,960.0,CLEAR,20.3,11.0,EXCELLENT,0.2,5.7,2,29.6,27.6,67.6,2.6,19.5,9.2,COMPLETED,SYNTHETIC
T-SYN-0207,EXCAVATION,CAT-349D,2.8,OP1024,NOVICE,STOCKPILE_2,503.0,RAIN,18.8,32.5,MODERATE,0.8,5.5,1,40.5,25.3,80.2,4.0,25.0,13.5,COMPLETED,SYNTHETIC
T-SYN-0208,TRENCHING,CAT-349D,3.1,OP1014,INTERMEDIATE,RAMP_3_SOUTH,495.0,CLEAR,26.2,8.4,EXCELLENT,6.3,16.5,4,33.2,27.9,73.7,29.1,40.0,13.0,COMPLETED,SYNTHETIC
T-SYN-0209,EXCAVATION,CAT-349D,1.4,OP1001,NOVICE,STOCKPILE_1,639.0,OVERCAST,18.9,15.6,GOOD,5.6,4.8,0,38.5,23.6,80.8,4.9,27.2,16.7,IN_PROGRESS,SYNTHETIC
T-SYN-0210,LOADING,CAT-349D,5.4,OP1009,NOVICE,STOCKPILE_2,1107.0,MUD,12.2,52.1,POOR,1.7,3.5,1,40.3,27.7,95.0,8.9,55.1,31.6,COMPLETED,SYNTHETIC
T-SYN-0211,OVERBURDEN,CAT-349D,4.7,OP1014,INTERMEDIATE,HAUL_ROAD_EAST,738.0,OVERCAST,23.6,14.4,GOOD,2.1,7.4,1,25.0,28.0,80.9,2.3,11.5,6.4,COMPLETED,SYNTHETIC
T-SYN-0212,LOADING,CAT-349D,5.4,OP1013,NOVICE,BENCH_3_UPPER,1116.0,OVERCAST,23.3,18.8,GOOD,4.1,5.5,2,29.4,26.1,87.2,3.3,23.8,16.2,COMPLETED,SYNTHETIC
T-SYN-0213,TRENCHING,CAT-349D,2.2,OP1002,EXPERT,BENCH_3_UPPER,795.0,CLEAR,30.2,13.6,EXCELLENT,3.0,4.1,1,29.0,26.1,74.5,6.0,20.2,9.3,COMPLETED,SYNTHETIC
T-SYN-0214,LOADING,CAT-349D,4.7,OP1011,MASTER,BENCH_2_WEST,607.0,CLEAR,26.7,8.3,EXCELLENT,9.8,4.6,2,22.8,23.7,89.4,3.1,10.5,5.5,COMPLETED,SYNTHETIC
T-SYN-0215,LOADING,CAT-349D,6.2,OP1023,INTERMEDIATE,BENCH_3_UPPER,1591.0,RAIN,17.4,24.0,MODERATE,0.2,7.3,0,25.9,26.6,91.1,6.7,32.6,17.8,COMPLETED,SYNTHETIC
T-SYN-0216,EXCAVATION,CAT-349D,2.7,OP1003,EXPERT,BENCH_3_UPPER,520.0,OVERCAST,18.4,13.1,GOOD,8.7,5.7,1,28.0,25.5,75.2,6.1,15.0,6.4,IN_PROGRESS,SYNTHETIC
T-SYN-0217,OVERBURDEN,CAT-349D,4.7,OP1009,INTERMEDIATE,HAUL_ROAD_EAST,1276.0,RAIN,17.4,33.8,MODERATE,0.8,4.3,1,28.0,25.9,78.3,5.8,30.7,14.7,IN_PROGRESS,SYNTHETIC
T-SYN-0218,EXCAVATION,CAT-349D,6.6,OP1018,EXPERT,BENCH_3_UPPER,300.0,CLEAR,30.3,9.1,EXCELLENT,4.0,6.4,0,30.4,26.7,75.9,2.8,8.6,3.9,COMPLETED,SYNTHETIC
T-SYN-0219,OVERBURDEN,CAT-349D,5.8,OP1006,MASTER,RAMP_3_SOUTH,1143.0,MUD,16.5,47.2,POOR,0.7,5.6,1,32.3,26.1,87.9,4.6,37.1,17.1,COMPLETED,SYNTHETIC
T-SYN-0220,EXCAVATION,CAT-349D,1.7,OP1024,EXPERT,STOCKPILE_2,653.0,CLEAR,20.2,9.7,EXCELLENT,0.3,4.4,2,25.1,24.3,71.6,4.3,13.7,6.0,COMPLETED,SYNTHETIC
T-SYN-0221,OVERBURDEN,CAT-349D,2.2,OP1016,INTERMEDIATE,STOCKPILE_2,1464.0,OVERCAST,24.0,11.1,GOOD,7.7,4.9,0,29.4,27.0,79.2,7.7,33.7,18.2,COMPLETED,SYNTHETIC
T-SYN-0222,LOADING,CAT-349D,4.4,OP1015,EXPERT,STOCKPILE_2,1461.0,MUD,13.1,54.5,POOR,3.6,6.8,0,32.2,25.6,95.0,5.3,47.4,24.7,IN_PROGRESS,SYNTHETIC
T-SYN-0223,TRENCHING,CAT-349D,3.4,OP1011,EXPERT,BENCH_2_WEST,641.0,RAIN,14.4,34.7,MODERATE,1.2,7.2,2,35.1,29.0,77.9,3.4,20.9,9.6,COMPLETED,SYNTHETIC
T-SYN-0224,GRADING,CAT-D8T,3.0,OP1012,EXPERT,ZONE_4_NORTH,776.0,CLEAR,32.0,13.7,EXCELLENT,2.7,4.6,0,28.6,19.2,69.5,2.2,20.6,7.4,COMPLETED,SYNTHETIC
T-SYN-0225,EXCAVATION,CAT-349D,2.3,OP1007,NOVICE,BENCH_2_WEST,601.0,RAIN,16.0,32.6,MODERATE,2.0,5.0,1,40.3,23.6,82.7,4.7,31.4,17.5,COMPLETED,SYNTHETIC
T-SYN-0226,TRENCHING,CAT-349D,6.8,OP1009,EXPERT,STOCKPILE_2,464.0,MUD,16.0,47.9,POOR,0.5,5.9,2,36.7,23.9,84.4,3.0,21.6,9.9,IN_PROGRESS,SYNTHETIC
T-SYN-0227,GRADING,CAT-D8T,4.5,OP1018,INTERMEDIATE,ZONE_4_NORTH,475.0,RAIN,15.1,24.7,MODERATE,1.4,4.5,1,35.4,15.9,74.8,3.7,27.8,9.8,COMPLETED,SYNTHETIC
T-SYN-0228,TRENCHING,CAT-349D,1.1,OP1022,NOVICE,STOCKPILE_1,934.0,MUD,12.3,39.3,POOR,1.0,4.5,0,48.6,26.1,79.4,8.6,68.7,34.1,IN_PROGRESS,SYNTHETIC
T-SYN-0229,TRENCHING,CAT-349D,5.1,OP1001,INTERMEDIATE,STOCKPILE_1,567.0,RAIN,19.3,28.5,MODERATE,1.2,19.1,3,36.3,22.8,80.0,24.5,45.6,17.2,COMPLETED,SYNTHETIC
T-SYN-0230,TRENCHING,CAT-349D,7.6,OP1009,EXPERT,STOCKPILE_1,851.0,CLEAR,27.2,5.9,EXCELLENT,6.5,4.7,1,29.4,22.7,76.1,5.5,23.5,11.5,COMPLETED,SYNTHETIC
T-SYN-0231,EXCAVATION,CAT-349D,1.6,OP1006,INTERMEDIATE,HAUL_ROAD_EAST,796.0,OVERCAST,21.9,18.7,GOOD,5.8,6.9,2,33.7,27.3,82.2,4.8,23.2,13.2,COMPLETED,SYNTHETIC
T-SYN-0232,LOADING,CAT-349D,4.4,OP1004,EXPERT,STOCKPILE_2,1310.0,RAIN,18.8,37.5,MODERATE,2.1,7.2,0,25.0,28.6,90.9,6.9,25.3,12.4,COMPLETED,SYNTHETIC
T-SYN-0233,TRENCHING,CAT-349D,5.9,OP1020,EXPERT,STOCKPILE_2,454.0,CLEAR,22.3,13.6,EXCELLENT,4.7,4.5,2,31.8,25.2,75.6,4.2,14.3,6.7,COMPLETED,SYNTHETIC
T-SYN-0234,TRENCHING,CAT-349D,6.1,OP1009,INTERMEDIATE,STOCKPILE_1,993.0,CLEAR,23.3,14.3,EXCELLENT,1.1,3.9,0,34.5,24.8,72.4,4.8,31.3,16.4,COMPLETED,SYNTHETIC
T-SYN-0235,LOADING,CAT-349D,5.2,OP1009,MASTER,RAMP_3_SOUTH,1304.0,RAIN,18.9,35.1,MODERATE,6.1,19.3,3,25.1,28.3,92.4,25.2,43.9,16.4,COMPLETED,SYNTHETIC
T-SYN-0236,LOADING,CAT-349D,7.5,OP1013,MASTER,ZONE_4_NORTH,623.0,CLEAR,28.4,7.2,EXCELLENT,1.1,17.2,3,17.4,26.8,83.7,22.9,26.8,7.5,COMPLETED,SYNTHETIC
T-SYN-0237,EXCAVATION,CAT-349D,2.0,OP1013,INTERMEDIATE,BENCH_2_WEST,768.0,CLEAR,21.9,11.7,EXCELLENT,4.0,5.8,2,32.3,26.4,77.3,4.3,21.2,11.4,COMPLETED,SYNTHETIC
T-SYN-0238,TRENCHING,CAT-349D,2.6,OP1020,EXPERT,BENCH_3_UPPER,834.0,RAIN,17.8,31.5,MODERATE,0.1,4.6,0,32.4,22.9,78.1,5.4,30.0,13.7,IN_PROGRESS,SYNTHETIC
T-SYN-0239,TRENCHING,CAT-349D,4.0,OP1002,INTERMEDIATE,STOCKPILE_2,810.0,RAIN,14.2,35.1,MODERATE,2.1,6.1,0,39.0,23.7,80.2,4.5,38.0,19.5,COMPLETED,SYNTHETIC
T-SYN-0240,TRENCHING,CAT-349D,3.7,OP1023,INTERMEDIATE,STOCKPILE_1,663.0,CLEAR,27.2,7.2,EXCELLENT,7.9,3.8,0,35.5,27.0,78.2,7.1,24.3,12.4,IN_PROGRESS,SYNTHETIC
T-SYN-0241,TRENCHING,CAT-349D,4.7,OP1004,INTERMEDIATE,HAUL_ROAD_EAST,472.0,OVERCAST,19.0,12.0,GOOD,0.7,5.1,0,35.5,25.1,70.0,5.6,18.8,8.6,COMPLETED,SYNTHETIC
T-SYN-0242,OVERBURDEN,CAT-349D,5.8,OP1007,INTERMEDIATE,RAMP_3_SOUTH,855.0,CLEAR,31.8,13.5,EXCELLENT,6.4,18.3,4,28.2,27.8,75.6,31.0,44.6,15.2,COMPLETED,SYNTHETIC
T-SYN-0243,TRENCHING,CAT-349D,1.5,OP1011,NOVICE,BENCH_2_WEST,801.0,RAIN,18.2,31.4,MODERATE,2.3,7.0,1,46.5,25.5,80.7,9.1,52.9,28.4,COMPLETED,SYNTHETIC
T-SYN-0244,TRENCHING,CAT-349D,3.5,OP1010,INTERMEDIATE,STOCKPILE_2,920.0,OVERCAST,21.3,14.3,GOOD,0.6,7.2,0,35.5,26.5,73.2,3.6,27.9,15.0,COMPLETED,SYNTHETIC
T-SYN-0245,OVERBURDEN,CAT-349D,4.5,OP1006,INTERMEDIATE,STOCKPILE_2,1249.0,CLEAR,26.0,7.6,EXCELLENT,1.1,3.9,1,24.8,24.7,72.8,3.3,20.6,10.8,COMPLETED,SYNTHETIC
T-SYN-0246,OVERBURDEN,CAT-349D,2.1,OP1021,NOVICE,RAMP_3_SOUTH,1315.0,CLEAR,25.1,14.6,EXCELLENT,9.7,17.5,3,34.5,29.0,85.9,26.3,56.3,28.2,COMPLETED,SYNTHETIC
T-SYN-0247,EXCAVATION,CAT-349D,5.7,OP1023,INTERMEDIATE,STOCKPILE_1,372.0,CLEAR,26.0,6.6,EXCELLENT,2.5,4.1,2,30.4,26.6,76.1,1.8,9.0,4.8,COMPLETED,SYNTHETIC
T-SYN-0248,EXCAVATION,CAT-349D,4.2,OP1009,EXPERT,ZONE_4_NORTH,336.0,OVERCAST,20.6,12.3,GOOD,1.2,5.4,0,28.4,24.9,74.5,1.8,7.8,3.8,COMPLETED,SYNTHETIC
T-SYN-0249,TRENCHING,CAT-349D,2.3,OP1017,NOVICE,ZONE_4_NORTH,614.0,OVERCAST,18.7,11.8,GOOD,3.6,4.5,0,37.8,22.0,72.8,4.0,26.2,14.8,COMPLETED,SYNTHETIC
T-SYN-0250,LOADING,CAT-349D,2.5,OP1005,NOVICE,RAMP_3_SOUTH,1053.0,CLEAR,26.8,10.5,EXCELLENT,3.1,18.9,6,26.3,24.1,86.5,48.3,65.1,23.4,COMPLETED,SYNTHETIC
T-SYN-0251,OVERBURDEN,CAT-349D,5.4,OP1015,EXPERT,STOCKPILE_2,1146.0,MUD,15.1,42.1,POOR,2.2,15.3,5,32.0,25.9,90.7,33.6,65.8,24.7,IN_PROGRESS,SYNTHETIC
T-SYN-0252,GRADING,CAT-D8T,1.5,OP1019,MASTER,STOCKPILE_2,659.0,CLEAR,22.9,7.7,EXCELLENT,3.7,6.2,0,24.4,20.4,73.6,3.1,13.8,4.8,COMPLETED,SYNTHETIC
T-SYN-0253,OVERBURDEN,CAT-349D,3.5,OP1012,EXPERT,RAMP_3_SOUTH,1389.0,RAIN,15.0,32.2,MODERATE,0.3,6.3,2,27.2,26.6,82.3,4.4,29.3,14.3,COMPLETED,SYNTHETIC
T-SYN-0254,EXCAVATION,CAT-349D,0.7,OP1011,INTERMEDIATE,HAUL_ROAD_EAST,437.0,OVERCAST,17.2,14.5,GOOD,1.8,4.7,1,28.4,25.5,73.1,2.0,9.7,4.9,COMPLETED,SYNTHETIC
T-SYN-0255,EXCAVATION,CAT-349D,1.3,OP1014,EXPERT,BENCH_3_UPPER,611.0,CLEAR,22.6,8.2,EXCELLENT,2.0,7.1,1,25.8,24.5,76.0,6.1,15.3,6.6,IN_PROGRESS,SYNTHETIC
T-SYN-0256,EXCAVATION,CAT-349D,5.8,OP1015,EXPERT,RAMP_3_SOUTH,550.0,OVERCAST,18.6,18.3,GOOD,13.6,4.6,2,30.5,24.4,83.0,6.5,18.1,8.7,COMPLETED,SYNTHETIC
T-SYN-0257,GRADING,CAT-D8T,7.2,OP1011,INTERMEDIATE,RAMP_3_SOUTH,754.0,CLEAR,26.2,9.8,EXCELLENT,2.3,6.0,0,30.7,18.2,69.4,5.3,27.0,9.9,IN_PROGRESS,SYNTHETIC
T-SYN-0258,OVERBURDEN,CAT-349D,5.8,OP1016,EXPERT,STOCKPILE_1,855.0,OVERCAST,16.3,13.8,GOOD,0.4,18.6,6,22.8,27.6,79.2,44.9,53.8,15.4,IN_PROGRESS,SYNTHETIC
T-SYN-0259,EXCAVATION,CAT-349D,7.3,OP1017,NOVICE,STOCKPILE_2,498.0,CLEAR,26.3,7.8,EXCELLENT,6.6,4.5,2,35.2,25.7,80.2,7.1,20.4,10.8,COMPLETED,SYNTHETIC
T-SYN-0260,GRADING,CAT-D8T,8.0,OP1018,INTERMEDIATE,BENCH_3_UPPER,749.0,OVERCAST,20.9,19.9,GOOD,6.2,4.0,2,32.7,17.2,77.8,3.6,29.5,12.4,COMPLETED,SYNTHETIC
T-SYN-0261,EXCAVATION,CAT-349D,1.0,OP1006,INTERMEDIATE,ZONE_4_NORTH,560.0,RAIN,17.3,35.7,MODERATE,3.2,20.7,5,38.6,25.4,84.2,39.4,60.6,21.2,COMPLETED,SYNTHETIC
T-SYN-0262,LOADING,CAT-349D,6.1,OP1006,EXPERT,BENCH_2_WEST,957.0,CLEAR,25.4,7.0,EXCELLENT,5.6,4.0,1,20.0,24.8,87.4,6.4,15.0,7.1,COMPLETED,SYNTHETIC
T-SYN-0263,LOADING,CAT-349D,1.9,OP1018,NOVICE,STOCKPILE_1,776.0,CLEAR,22.6,13.7,EXCELLENT,3.8,4.5,2,27.7,28.5,86.7,2.5,14.1,9.3,COMPLETED,SYNTHETIC
T-SYN-0264,EXCAVATION,CAT-349D,3.4,OP1012,EXPERT,STOCKPILE_2,554.0,RAIN,18.7,35.6,MODERATE,4.3,4.6,1,32.4,28.6,84.1,3.4,16.5,7.9,COMPLETED,SYNTHETIC
T-SYN-0265,EXCAVATION,CAT-349D,1.9,OP1001,INTERMEDIATE,BENCH_3_UPPER,440.0,CLEAR,20.4,9.7,EXCELLENT,14.5,7.1,1,32.7,24.2,83.3,4.0,14.8,8.1,IN_PROGRESS,SYNTHETIC
T-SYN-0266,GRADING,CAT-D8T,6.4,OP1013,EXPERT,RAMP_3_SOUTH,321.0,OVERCAST,22.5,18.6,GOOD,2.8,6.9,2,31.6,18.1,69.3,4.7,14.5,4.8,IN_PROGRESS,SYNTHETIC
T-SYN-0267,EXCAVATION,CAT-349D,7.2,OP1022,NOVICE,RAMP_3_SOUTH,333.0,CLEAR,31.9,11.0,EXCELLENT,0.1,17.5,5,33.8,23.0,67.3,37.2,46.4,13.7,COMPLETED,SYNTHETIC
T-SYN-0268,LOADING,CAT-349D,4.0,OP1005,EXPERT,RAMP_3_SOUTH,944.0,CLEAR,20.1,6.3,EXCELLENT,2.3,6.0,0,20.3,25.8,82.4,4.6,13.0,6.2,COMPLETED,SYNTHETIC
T-SYN-0269,OVERBURDEN,CAT-349D,6.4,OP1019,EXPERT,STOCKPILE_1,802.0,RAIN,17.3,32.7,MODERATE,0.3,3.7,0,25.9,27.6,86.0,6.4,19.0,8.4,COMPLETED,SYNTHETIC
T-SYN-0270,EXCAVATION,CAT-349D,4.1,OP1017,EXPERT,ZONE_4_NORTH,364.0,CLEAR,20.3,10.1,EXCELLENT,3.0,17.3,3,24.4,24.6,75.0,27.9,32.8,9.0,COMPLETED,SYNTHETIC
T-SYN-0271,LOADING,CAT-349D,6.7,OP1024,NOVICE,ZONE_4_NORTH,1552.0,RAIN,14.3,36.5,MODERATE,4.0,5.4,1,36.7,25.3,93.9,10.5,63.7,39.6,COMPLETED,SYNTHETIC
T-SYN-0272,GRADING,CAT-D8T,1.4,OP1019,INTERMEDIATE,HAUL_ROAD_EAST,556.0,CLEAR,25.2,7.8,EXCELLENT,0.1,17.5,3,32.3,18.7,66.5,22.4,39.6,11.7,COMPLETED,SYNTHETIC
T-SYN-0273,LOADING,CAT-349D,2.9,OP1006,INTERMEDIATE,STOCKPILE_2,1320.0,RAIN,19.5,28.2,MODERATE,0.8,4.3,0,27.5,25.2,84.2,5.0,30.5,15.9,COMPLETED,SYNTHETIC
T-SYN-0274,EXCAVATION,CAT-349D,6.2,OP1021,NOVICE,BENCH_3_UPPER,534.0,RAIN,18.5,24.3,MODERATE,2.5,7.2,1,37.7,26.5,83.5,2.9,21.4,12.1,IN_PROGRESS,SYNTHETIC
T-SYN-0275,GRADING,CAT-D8T,1.6,OP1023,INTERMEDIATE,BENCH_3_UPPER,452.0,OVERCAST,16.1,10.0,GOOD,3.8,17.7,3,30.6,18.2,67.3,23.1,36.0,10.2,COMPLETED,SYNTHETIC
T-SYN-0276,EXCAVATION,CAT-349D,0.7,OP1020,INTERMEDIATE,RAMP_3_SOUTH,714.0,RAIN,16.2,32.1,MODERATE,3.2,4.7,1,35.2,25.2,81.3,7.1,29.7,14.3,IN_PROGRESS,SYNTHETIC
T-SYN-0277,EXCAVATION,CAT-349D,3.9,OP1012,INTERMEDIATE,STOCKPILE_2,627.0,OVERCAST,16.2,18.4,GOOD,9.0,5.6,0,34.3,23.4,79.2,6.5,24.0,12.6,IN_PROGRESS,SYNTHETIC
T-SYN-0278,TRENCHING,CAT-349D,3.6,OP1006,INTERMEDIATE,RAMP_3_SOUTH,995.0,CLEAR,21.8,6.7,EXCELLENT,5.9,7.1,2,33.6,27.3,69.8,6.1,29.0,14.1,IN_PROGRESS,SYNTHETIC
T-SYN-0279,LOADING,CAT-349D,2.3,OP1011,EXPERT,RAMP_3_SOUTH,1464.0,OVERCAST,21.1,17.9,GOOD,2.0,6.6,0,23.3,25.3,85.3,6.3,23.8,12.6,COMPLETED,SYNTHETIC
T-SYN-0280,OVERBURDEN,CAT-349D,1.3,OP1001,INTERMEDIATE,STOCKPILE_1,619.0,OVERCAST,20.0,18.6,GOOD,3.0,6.0,2,27.4,25.2,79.3,2.8,13.0,7.1,IN_PROGRESS,SYNTHETIC
